int, v1Ins, v1Tim, v2Ins, v2Tim, v3Ins, v3Tim
56784565234,1,0.00311861,1,0.00003841,1,0.00001590
